{
    "Linux": [
        {
            "cuda": "11.7",
            "torch": "1.13.x",
            "mmcv": [
                "1.7.0"
            ]
        },
        {
            "cuda": "11.6",
            "torch": "1.13.x",
            "mmcv": [
                "1.7.0"
            ]
        },
        {
            "cuda": "11.6",
            "torch": "1.12.x",
            "mmcv": [
                "1.7.0",
                "1.6.2",
                "1.6.1",
                "1.6.0"
            ]
        },
        {
            "cuda": "11.5",
            "torch": "1.11.x",
            "mmcv": [
                "1.7.0",
                "1.6.2",
                "1.6.1",
                "1.6.0",
                "1.5.3",
                "1.5.2",
                "1.5.1",
                "1.5.0",
                "1.4.8",
                "1.4.7"
            ]
        },
        {
            "cuda": "11.3",
            "torch": "1.12.x",
            "mmcv": [
                "1.7.0",
                "1.6.2",
                "1.6.1",
                "1.6.0"
            ]
        },
        {
            "cuda": "11.3",
            "torch": "1.11.x",
            "mmcv": [
                "1.7.0",
                "1.6.2",
                "1.6.1",
                "1.6.0",
                "1.5.3",
                "1.5.2",
                "1.5.1",
                "1.5.0",
                "1.4.8",
                "1.4.7"
            ]
        },
        {
            "cuda": "11.3",
            "torch": "1.10.x",
            "mmcv": [
                "1.7.0",
                "1.6.2",
                "1.6.1",
                "1.6.0",
                "1.5.3",
                "1.5.2",
                "1.5.1",
                "1.5.0",
                "1.4.8",
                "1.4.7",
                "1.4.6",
                "1.4.5",
                "1.4.4",
                "1.4.3",
                "1.4.2",
                "1.4.1",
                "1.4.0",
                "1.3.18",
                "1.3.17",
                "1.3.16"
            ]
        },
        {
            "cuda": "11.1",
            "torch": "1.10.x",
            "mmcv": [
                "1.7.0",
                "1.6.2",
                "1.6.1",
                "1.6.0",
                "1.5.3",
                "1.5.2",
                "1.5.1",
                "1.5.0",
                "1.4.8",
                "1.4.7",
                "1.4.6",
                "1.4.5",
                "1.4.4",
                "1.4.3",
                "1.4.2",
                "1.4.1",
                "1.4.0",
                "1.3.18",
                "1.3.17",
                "1.3.16"
            ]
        },
        {
            "cuda": "11.1",
            "torch": "1.9.x",
            "mmcv": [
                "1.7.0",
                "1.6.2",
                "1.6.1",
                "1.6.0",
                "1.5.3",
                "1.5.2",
                "1.5.1",
                "1.5.0",
                "1.4.8",
                "1.4.7",
                "1.4.6",
                "1.4.5",
                "1.4.4",
                "1.4.3",
                "1.4.2",
                "1.4.1",
                "1.4.0",
                "1.3.9",
                "1.3.18",
                "1.3.17",
                "1.3.16",
                "1.3.15",
                "1.3.14",
                "1.3.13",
                "1.3.12",
                "1.3.11",
                "1.3.10"
            ]
        },
        {
            "cuda": "11.1",
            "torch": "1.8.x",
            "mmcv": [
                "1.7.0",
                "1.6.2",
                "1.6.1",
                "1.6.0",
                "1.5.3",
                "1.5.2",
                "1.5.1",
                "1.5.0",
                "1.4.8",
                "1.4.7",
                "1.4.6",
                "1.4.5",
                "1.4.4",
                "1.4.3",
                "1.4.2",
                "1.4.1",
                "1.4.0",
                "1.3.9",
                "1.3.8",
                "1.3.7",
                "1.3.6",
                "1.3.5",
                "1.3.4",
                "1.3.3",
                "1.3.2",
                "1.3.18",
                "1.3.17",
                "1.3.16",
                "1.3.15",
                "1.3.14",
                "1.3.13",
                "1.3.12",
                "1.3.11",
                "1.3.10",
                "1.3.1",
                "1.3.0"
            ]
        },
        {
            "cuda": "11.0",
            "torch": "1.7.x",
            "mmcv": [
                "1.7.0",
                "1.6.2",
                "1.6.1",
                "1.6.0",
                "1.5.3",
                "1.5.2",
                "1.5.1",
                "1.5.0",
                "1.4.8",
                "1.4.7",
                "1.4.6",
                "1.4.5",
                "1.4.4",
                "1.4.3",
                "1.4.2",
                "1.4.1",
                "1.4.0",
                "1.3.9",
                "1.3.8",
                "1.3.7",
                "1.3.6",
                "1.3.5",
                "1.3.4",
                "1.3.3",
                "1.3.2",
                "1.3.18",
                "1.3.17",
                "1.3.16",
                "1.3.15",
                "1.3.14",
                "1.3.13",
                "1.3.12",
                "1.3.11",
                "1.3.10",
                "1.3.1",
                "1.3.0",
                "1.2.7",
                "1.2.6",
                "1.2.5",
                "1.2.4",
                "1.2.3",
                "1.2.2",
                "1.2.0"
            ]
        },
        {
            "cuda": "10.2",
            "torch": "1.12.x",
            "mmcv": [
                "1.7.0",
                "1.6.2",
                "1.6.1",
                "1.6.0"
            ]
        },
        {
            "cuda": "10.2",
            "torch": "1.11.x",
            "mmcv": [
                "1.7.0",
                "1.6.2",
                "1.6.1",
                "1.6.0",
                "1.5.3",
                "1.5.2",
                "1.5.1",
                "1.5.0",
                "1.4.8",
                "1.4.7"
            ]
        },
        {
            "cuda": "10.2",
            "torch": "1.10.x",
            "mmcv": [
                "1.7.0",
                "1.6.2",
                "1.6.1",
                "1.6.0",
                "1.5.3",
                "1.5.2",
                "1.5.1",
                "1.5.0",
                "1.4.8",
                "1.4.7",
                "1.4.6",
                "1.4.5",
                "1.4.4",
                "1.4.3",
                "1.4.2",
                "1.4.1",
                "1.4.0",
                "1.3.18",
                "1.3.17",
                "1.3.16"
            ]
        },
        {
            "cuda": "10.2",
            "torch": "1.9.x",
            "mmcv": [
                "1.7.0",
                "1.6.2",
                "1.6.1",
                "1.6.0",
                "1.5.3",
                "1.5.2",
                "1.5.1",
                "1.5.0",
                "1.4.8",
                "1.4.7",
                "1.4.6",
                "1.4.5",
                "1.4.4",
                "1.4.3",
                "1.4.2",
                "1.4.1",
                "1.4.0",
                "1.3.9",
                "1.3.18",
                "1.3.17",
                "1.3.16",
                "1.3.15",
                "1.3.14",
                "1.3.13",
                "1.3.12",
                "1.3.11",
                "1.3.10"
            ]
        },
        {
            "cuda": "10.2",
            "torch": "1.8.x",
            "mmcv": [
                "1.7.0",
                "1.6.2",
                "1.6.1",
                "1.6.0",
                "1.5.3",
                "1.5.2",
                "1.5.1",
                "1.5.0",
                "1.4.8",
                "1.4.7",
                "1.4.6",
                "1.4.5",
                "1.4.4",
                "1.4.3",
                "1.4.2",
                "1.4.1",
                "1.4.0",
                "1.3.9",
                "1.3.8",
                "1.3.7",
                "1.3.6",
                "1.3.5",
                "1.3.4",
                "1.3.3",
                "1.3.2",
                "1.3.18",
                "1.3.17",
                "1.3.16",
                "1.3.15",
                "1.3.14",
                "1.3.13",
                "1.3.12",
                "1.3.11",
                "1.3.10",
                "1.3.1",
                "1.3.0"
            ]
        },
        {
            "cuda": "10.2",
            "torch": "1.7.x",
            "mmcv": [
                "1.7.0",
                "1.6.2",
                "1.6.1",
                "1.6.0",
                "1.5.3",
                "1.5.2",
                "1.5.1",
                "1.5.0",
                "1.4.8",
                "1.4.7",
                "1.4.6",
                "1.4.5",
                "1.4.4",
                "1.4.3",
                "1.4.2",
                "1.4.1",
                "1.4.0",
                "1.3.9",
                "1.3.8",
                "1.3.7",
                "1.3.6",
                "1.3.5",
                "1.3.4",
                "1.3.3",
                "1.3.2",
                "1.3.18",
                "1.3.17",
                "1.3.16",
                "1.3.15",
                "1.3.14",
                "1.3.13",
                "1.3.12",
                "1.3.11",
                "1.3.10",
                "1.3.1",
                "1.3.0",
                "1.2.7",
                "1.2.6",
                "1.2.5",
                "1.2.4",
                "1.2.3",
                "1.2.2",
                "1.2.1",
                "1.2.0"
            ]
        },
        {
            "cuda": "10.2",
            "torch": "1.6.x",
            "mmcv": [
                "1.7.0",
                "1.6.2",
                "1.6.1",
                "1.6.0",
                "1.5.3",
                "1.5.2",
                "1.5.1",
                "1.5.0",
                "1.4.8",
                "1.4.7",
                "1.4.6",
                "1.4.5",
                "1.4.4",
                "1.4.3",
                "1.4.2",
                "1.4.1",
                "1.4.0",
                "1.3.9",
                "1.3.8",
                "1.3.7",
                "1.3.6",
                "1.3.5",
                "1.3.4",
                "1.3.3",
                "1.3.2",
                "1.3.18",
                "1.3.17",
                "1.3.16",
                "1.3.15",
                "1.3.14",
                "1.3.13",
                "1.3.12",
                "1.3.11",
                "1.3.10",
                "1.3.1",
                "1.3.0",
                "1.2.7",
                "1.2.6",
                "1.2.5",
                "1.2.4",
                "1.2.3",
                "1.2.2",
                "1.2.1",
                "1.2.0",
                "1.1.6",
                "1.1.5",
                "1.1.4",
                "1.1.3",
                "1.1.2",
                "1.1.1",
                "1.1.0",
                "1.0.5"
            ]
        },
        {
            "cuda": "10.2",
            "torch": "1.5.x",
            "mmcv": [
                "1.7.0",
                "1.6.2",
                "1.6.1",
                "1.6.0",
                "1.5.3",
                "1.5.2",
                "1.5.1",
                "1.5.0",
                "1.4.8",
                "1.4.7",
                "1.4.6",
                "1.4.5",
                "1.4.4",
                "1.4.3",
                "1.4.2",
                "1.4.1",
                "1.4.0",
                "1.3.9",
                "1.3.8",
                "1.3.7",
                "1.3.6",
                "1.3.5",
                "1.3.4",
                "1.3.3",
                "1.3.2",
                "1.3.18",
                "1.3.17",
                "1.3.16",
                "1.3.15",
                "1.3.14",
                "1.3.13",
                "1.3.12",
                "1.3.11",
                "1.3.10",
                "1.3.1",
                "1.3.0",
                "1.2.7",
                "1.2.6",
                "1.2.5",
                "1.2.4",
                "1.2.3",
                "1.2.2",
                "1.2.1",
                "1.2.0",
                "1.1.6",
                "1.1.5",
                "1.1.4",
                "1.1.3",
                "1.1.2",
                "1.1.1",
                "1.1.0",
                "1.0.5",
                "1.0.4",
                "1.0.3",
                "1.0.2",
                "1.0.0"
            ]
        },
        {
            "cuda": "10.1",
            "torch": "1.8.x",
            "mmcv": [
                "1.7.0",
                "1.6.2",
                "1.6.1",
                "1.6.0",
                "1.5.3",
                "1.5.2",
                "1.5.1",
                "1.5.0",
                "1.4.8",
                "1.4.7",
                "1.4.6",
                "1.4.5",
                "1.4.4",
                "1.4.3",
                "1.4.2",
                "1.4.1",
                "1.4.0",
                "1.3.9",
                "1.3.8",
                "1.3.7",
                "1.3.6",
                "1.3.5",
                "1.3.4",
                "1.3.3",
                "1.3.2",
                "1.3.18",
                "1.3.17",
                "1.3.16",
                "1.3.15",
                "1.3.14",
                "1.3.13",
                "1.3.12",
                "1.3.11",
                "1.3.10",
                "1.3.1",
                "1.3.0"
            ]
        },
        {
            "cuda": "10.1",
            "torch": "1.7.x",
            "mmcv": [
                "1.7.0",
                "1.6.2",
                "1.6.1",
                "1.6.0",
                "1.5.3",
                "1.5.2",
                "1.5.1",
                "1.5.0",
                "1.4.8",
                "1.4.7",
                "1.4.6",
                "1.4.5",
                "1.4.4",
                "1.4.3",
                "1.4.2",
                "1.4.1",
                "1.4.0",
                "1.3.9",
                "1.3.8",
                "1.3.7",
                "1.3.6",
                "1.3.5",
                "1.3.4",
                "1.3.3",
                "1.3.2",
                "1.3.18",
                "1.3.17",
                "1.3.16",
                "1.3.15",
                "1.3.14",
                "1.3.13",
                "1.3.12",
                "1.3.11",
                "1.3.10",
                "1.3.1",
                "1.3.0",
                "1.2.7",
                "1.2.6",
                "1.2.5",
                "1.2.4",
                "1.2.3",
                "1.2.2",
                "1.2.1",
                "1.2.0"
            ]
        },
        {
            "cuda": "10.1",
            "torch": "1.6.x",
            "mmcv": [
                "1.7.0",
                "1.6.2",
                "1.6.1",
                "1.6.0",
                "1.5.3",
                "1.5.2",
                "1.5.1",
                "1.5.0",
                "1.4.8",
                "1.4.7",
                "1.4.6",
                "1.4.5",
                "1.4.4",
                "1.4.3",
                "1.4.2",
                "1.4.1",
                "1.4.0",
                "1.3.9",
                "1.3.8",
                "1.3.7",
                "1.3.6",
                "1.3.5",
                "1.3.4",
                "1.3.3",
                "1.3.2",
                "1.3.18",
                "1.3.17",
                "1.3.16",
                "1.3.15",
                "1.3.14",
                "1.3.13",
                "1.3.12",
                "1.3.11",
                "1.3.10",
                "1.3.1",
                "1.3.0",
                "1.2.7",
                "1.2.6",
                "1.2.5",
                "1.2.4",
                "1.2.3",
                "1.2.2",
                "1.2.1",
                "1.2.0",
                "1.1.6",
                "1.1.5",
                "1.1.4",
                "1.1.3",
                "1.1.2",
                "1.1.1",
                "1.1.0",
                "1.0.5"
            ]
        },
        {
            "cuda": "10.1",
            "torch": "1.5.x",
            "mmcv": [
                "1.7.0",
                "1.6.2",
                "1.6.1",
                "1.6.0",
                "1.5.3",
                "1.5.2",
                "1.5.1",
                "1.5.0",
                "1.4.8",
                "1.4.7",
                "1.4.6",
                "1.4.5",
                "1.4.4",
                "1.4.3",
                "1.4.2",
                "1.4.1",
                "1.4.0",
                "1.3.9",
                "1.3.8",
                "1.3.7",
                "1.3.6",
                "1.3.5",
                "1.3.4",
                "1.3.3",
                "1.3.2",
                "1.3.18",
                "1.3.17",
                "1.3.16",
                "1.3.15",
                "1.3.14",
                "1.3.13",
                "1.3.12",
                "1.3.11",
                "1.3.10",
                "1.3.1",
                "1.3.0",
                "1.2.7",
                "1.2.6",
                "1.2.5",
                "1.2.4",
                "1.2.3",
                "1.2.2",
                "1.2.1",
                "1.2.0",
                "1.1.6",
                "1.1.5",
                "1.1.4",
                "1.1.3",
                "1.1.2",
                "1.1.1",
                "1.1.0",
                "1.0.5",
                "1.0.4",
                "1.0.3",
                "1.0.2",
                "1.0.0"
            ]
        },
        {
            "cuda": "10.1",
            "torch": "1.4.x",
            "mmcv": [
                "1.2.1",
                "1.2.0",
                "1.1.6",
                "1.1.5",
                "1.1.4",
                "1.1.3",
                "1.1.2",
                "1.1.1",
                "1.1.0",
                "1.0.5",
                "1.0.4",
                "1.0.3",
                "1.0.2",
                "1.0.0"
            ]
        },
        {
            "cuda": "10.1",
            "torch": "1.3.x",
            "mmcv": [
                "1.3.9",
                "1.3.8",
                "1.3.7",
                "1.3.6",
                "1.3.5",
                "1.3.4",
                "1.3.3",
                "1.3.2",
                "1.3.16",
                "1.3.15",
                "1.3.14",
                "1.3.13",
                "1.3.12",
                "1.3.11",
                "1.3.10",
                "1.3.1",
                "1.3.0",
                "1.2.7",
                "1.2.6",
                "1.2.5",
                "1.2.4",
                "1.2.3",
                "1.2.1",
                "1.2.0",
                "1.1.6",
                "1.1.5",
                "1.1.4",
                "1.1.3",
                "1.1.2",
                "1.1.1",
                "1.1.0",
                "1.0.5",
                "1.0.4",
                "1.0.3",
                "1.0.2",
                "1.0.1",
                "1.0.0"
            ]
        },
        {
            "cuda": "10.0",
            "torch": "1.4.x",
            "mmcv": [
                "1.2.1",
                "1.2.0",
                "1.1.6",
                "1.1.5",
                "1.1.4",
                "1.1.3",
                "1.1.2",
                "1.1.1",
                "1.1.0",
                "1.0.4",
                "1.0.3",
                "1.0.2",
                "1.0.0"
            ]
        },
        {
            "cuda": "10.0",
            "torch": "1.3.x",
            "mmcv": [
                "1.3.9",
                "1.3.8",
                "1.3.7",
                "1.3.6",
                "1.3.5",
                "1.3.4",
                "1.3.3",
                "1.3.2",
                "1.3.16",
                "1.3.15",
                "1.3.14",
                "1.3.13",
                "1.3.12",
                "1.3.11",
                "1.3.10",
                "1.3.1",
                "1.3.0",
                "1.2.7",
                "1.2.6",
                "1.2.5",
                "1.2.4",
                "1.2.3",
                "1.2.1",
                "1.2.0",
                "1.1.6",
                "1.1.5",
                "1.1.4",
                "1.1.3",
                "1.1.2",
                "1.1.1",
                "1.1.0",
                "1.0.5",
                "1.0.4",
                "1.0.3",
                "1.0.2",
                "1.0.1",
                "1.0.0"
            ]
        },
        {
            "cuda": "9.2",
            "torch": "1.7.x",
            "mmcv": [
                "1.7.0",
                "1.6.2",
                "1.6.1",
                "1.6.0",
                "1.5.3",
                "1.5.2",
                "1.5.1",
                "1.5.0",
                "1.4.8",
                "1.4.7",
                "1.4.6",
                "1.4.5",
                "1.4.4",
                "1.4.3",
                "1.4.2",
                "1.4.1",
                "1.4.0",
                "1.3.9",
                "1.3.8",
                "1.3.7",
                "1.3.6",
                "1.3.5",
                "1.3.4",
                "1.3.3",
                "1.3.2",
                "1.3.18",
                "1.3.17",
                "1.3.16",
                "1.3.15",
                "1.3.14",
                "1.3.13",
                "1.3.12",
                "1.3.11",
                "1.3.10",
                "1.3.1",
                "1.3.0",
                "1.2.7",
                "1.2.6",
                "1.2.5",
                "1.2.4",
                "1.2.3",
                "1.2.2",
                "1.2.1",
                "1.2.0"
            ]
        },
        {
            "cuda": "9.2",
            "torch": "1.6.x",
            "mmcv": [
                "1.7.0",
                "1.6.2",
                "1.6.1",
                "1.6.0",
                "1.5.3",
                "1.5.2",
                "1.5.1",
                "1.5.0",
                "1.4.8",
                "1.4.7",
                "1.4.6",
                "1.4.5",
                "1.4.4",
                "1.4.3",
                "1.4.2",
                "1.4.1",
                "1.4.0",
                "1.3.9",
                "1.3.8",
                "1.3.7",
                "1.3.6",
                "1.3.5",
                "1.3.4",
                "1.3.3",
                "1.3.2",
                "1.3.18",
                "1.3.17",
                "1.3.16",
                "1.3.15",
                "1.3.14",
                "1.3.13",
                "1.3.12",
                "1.3.11",
                "1.3.10",
                "1.3.1",
                "1.3.0",
                "1.2.7",
                "1.2.6",
                "1.2.5",
                "1.2.4",
                "1.2.3",
                "1.2.2",
                "1.2.1",
                "1.2.0",
                "1.1.6",
                "1.1.5",
                "1.1.4",
                "1.1.3",
                "1.1.2",
                "1.1.1",
                "1.1.0",
                "1.0.5"
            ]
        },
        {
            "cuda": "9.2",
            "torch": "1.5.x",
            "mmcv": [
                "1.7.0",
                "1.6.2",
                "1.6.1",
                "1.6.0",
                "1.5.3",
                "1.5.2",
                "1.5.1",
                "1.5.0",
                "1.4.8",
                "1.4.7",
                "1.4.6",
                "1.4.5",
                "1.4.4",
                "1.4.3",
                "1.4.2",
                "1.4.1",
                "1.4.0",
                "1.3.9",
                "1.3.8",
                "1.3.7",
                "1.3.6",
                "1.3.5",
                "1.3.4",
                "1.3.3",
                "1.3.2",
                "1.3.18",
                "1.3.17",
                "1.3.16",
                "1.3.15",
                "1.3.14",
                "1.3.13",
                "1.3.12",
                "1.3.11",
                "1.3.10",
                "1.3.1",
                "1.3.0",
                "1.2.7",
                "1.2.6",
                "1.2.5",
                "1.2.4",
                "1.2.3",
                "1.2.2",
                "1.2.1",
                "1.2.0",
                "1.1.6",
                "1.1.5",
                "1.1.4",
                "1.1.3",
                "1.1.2",
                "1.1.1",
                "1.1.0",
                "1.0.5",
                "1.0.4",
                "1.0.3",
                "1.0.2",
                "1.0.0"
            ]
        },
        {
            "cuda": "9.2",
            "torch": "1.4.x",
            "mmcv": [
                "1.2.1",
                "1.2.0",
                "1.1.6",
                "1.1.5",
                "1.1.4",
                "1.1.3",
                "1.1.2",
                "1.1.1",
                "1.1.0",
                "1.0.4",
                "1.0.3",
                "1.0.2",
                "1.0.0"
            ]
        },
        {
            "cuda": "9.2",
            "torch": "1.3.x",
            "mmcv": [
                "1.3.9",
                "1.3.8",
                "1.3.7",
                "1.3.6",
                "1.3.5",
                "1.3.4",
                "1.3.3",
                "1.3.2",
                "1.3.16",
                "1.3.15",
                "1.3.14",
                "1.3.13",
                "1.3.12",
                "1.3.11",
                "1.3.10",
                "1.3.1",
                "1.3.0",
                "1.2.7",
                "1.2.6",
                "1.2.5",
                "1.2.4",
                "1.2.3",
                "1.2.1",
                "1.2.0",
                "1.1.6",
                "1.1.5",
                "1.1.4",
                "1.1.3",
                "1.1.2",
                "1.1.1",
                "1.1.0",
                "1.0.5",
                "1.0.4",
                "1.0.3",
                "1.0.2",
                "1.0.1",
                "1.0.0"
            ]
        },
        {
            "cuda": "cpu",
            "torch": "1.13.x",
            "mmcv": [
                "1.7.0"
            ]
        },
        {
            "cuda": "cpu",
            "torch": "1.12.x",
            "mmcv": [
                "1.7.0",
                "1.6.2",
                "1.6.1",
                "1.6.0"
            ]
        },
        {
            "cuda": "cpu",
            "torch": "1.11.x",
            "mmcv": [
                "1.7.0",
                "1.6.2",
                "1.6.1",
                "1.6.0",
                "1.5.3",
                "1.5.2",
                "1.5.1",
                "1.5.0",
                "1.4.8",
                "1.4.7"
            ]
        },
        {
            "cuda": "cpu",
            "torch": "1.10.x",
            "mmcv": [
                "1.7.0",
                "1.6.2",
                "1.6.1",
                "1.6.0",
                "1.5.3",
                "1.5.2",
                "1.5.1",
                "1.5.0",
                "1.4.8",
                "1.4.7",
                "1.4.6",
                "1.4.5",
                "1.4.4",
                "1.4.3",
                "1.4.2",
                "1.4.1",
                "1.4.0",
                "1.3.18",
                "1.3.17",
                "1.3.16"
            ]
        },
        {
            "cuda": "cpu",
            "torch": "1.9.x",
            "mmcv": [
                "1.7.0",
                "1.6.2",
                "1.6.1",
                "1.6.0",
                "1.5.3",
                "1.5.2",
                "1.5.1",
                "1.5.0",
                "1.4.8",
                "1.4.7",
                "1.4.6",
                "1.4.5",
                "1.4.4",
                "1.4.3",
                "1.4.2",
                "1.4.1",
                "1.4.0",
                "1.3.9",
                "1.3.18",
                "1.3.17",
                "1.3.16",
                "1.3.15",
                "1.3.14",
                "1.3.13",
                "1.3.12",
                "1.3.11",
                "1.3.10"
            ]
        },
        {
            "cuda": "cpu",
            "torch": "1.8.x",
            "mmcv": [
                "1.7.0",
                "1.6.2",
                "1.6.1",
                "1.6.0",
                "1.5.3",
                "1.5.2",
                "1.5.1",
                "1.5.0",
                "1.4.8",
                "1.4.7",
                "1.4.6",
                "1.4.5",
                "1.4.4",
                "1.4.3",
                "1.4.2",
                "1.4.1",
                "1.4.0",
                "1.3.9",
                "1.3.8",
                "1.3.7",
                "1.3.6",
                "1.3.5",
                "1.3.4",
                "1.3.3",
                "1.3.2",
                "1.3.18",
                "1.3.17",
                "1.3.16",
                "1.3.15",
                "1.3.14",
                "1.3.13",
                "1.3.12",
                "1.3.11",
                "1.3.10",
                "1.3.1",
                "1.3.0"
            ]
        },
        {
            "cuda": "cpu",
            "torch": "1.7.x",
            "mmcv": [
                "1.7.0",
                "1.6.2",
                "1.6.1",
                "1.6.0",
                "1.5.3",
                "1.5.2",
                "1.5.1",
                "1.5.0",
                "1.4.8",
                "1.4.7",
                "1.4.6",
                "1.4.5",
                "1.4.4",
                "1.4.3",
                "1.4.2",
                "1.4.1",
                "1.4.0",
                "1.3.9",
                "1.3.8",
                "1.3.7",
                "1.3.6",
                "1.3.5",
                "1.3.4",
                "1.3.3",
                "1.3.2",
                "1.3.18",
                "1.3.17",
                "1.3.16",
                "1.3.15",
                "1.3.14",
                "1.3.13",
                "1.3.12",
                "1.3.11",
                "1.3.10",
                "1.3.1",
                "1.3.0",
                "1.2.7",
                "1.2.6",
                "1.2.5",
                "1.2.4",
                "1.2.3",
                "1.2.2",
                "1.2.1",
                "1.2.0"
            ]
        },
        {
            "cuda": "cpu",
            "torch": "1.6.x",
            "mmcv": [
                "1.7.0",
                "1.6.2",
                "1.6.1",
                "1.6.0",
                "1.5.3",
                "1.5.2",
                "1.5.1",
                "1.5.0",
                "1.4.8",
                "1.4.7",
                "1.4.6",
                "1.4.5",
                "1.4.4",
                "1.4.3",
                "1.4.2",
                "1.4.1",
                "1.4.0",
                "1.3.9",
                "1.3.8",
                "1.3.7",
                "1.3.6",
                "1.3.5",
                "1.3.4",
                "1.3.3",
                "1.3.2",
                "1.3.18",
                "1.3.17",
                "1.3.16",
                "1.3.15",
                "1.3.14",
                "1.3.13",
                "1.3.12",
                "1.3.11",
                "1.3.10",
                "1.3.1",
                "1.3.0",
                "1.2.7",
                "1.2.6",
                "1.2.5",
                "1.2.4",
                "1.2.3",
                "1.2.2",
                "1.2.1",
                "1.2.0",
                "1.1.6",
                "1.1.5",
                "1.1.4",
                "1.1.3",
                "1.1.2",
                "1.1.1",
                "1.1.0",
                "1.0.5"
            ]
        },
        {
            "cuda": "cpu",
            "torch": "1.5.x",
            "mmcv": [
                "1.7.0",
                "1.6.2",
                "1.6.1",
                "1.6.0",
                "1.5.3",
                "1.5.2",
                "1.5.1",
                "1.5.0",
                "1.4.8",
                "1.4.7",
                "1.4.6",
                "1.4.5",
                "1.4.4",
                "1.4.3",
                "1.4.2",
                "1.4.1",
                "1.4.0",
                "1.3.9",
                "1.3.8",
                "1.3.7",
                "1.3.6",
                "1.3.5",
                "1.3.4",
                "1.3.3",
                "1.3.2",
                "1.3.18",
                "1.3.17",
                "1.3.16",
                "1.3.15",
                "1.3.14",
                "1.3.13",
                "1.3.12",
                "1.3.11",
                "1.3.10",
                "1.3.1",
                "1.3.0",
                "1.2.7",
                "1.2.6",
                "1.2.5",
                "1.2.4",
                "1.2.3",
                "1.2.2",
                "1.2.1",
                "1.2.0",
                "1.1.6",
                "1.1.5",
                "1.1.4",
                "1.1.3",
                "1.1.2",
                "1.1.1",
                "1.1.0",
                "1.0.5",
                "1.0.4",
                "1.0.3",
                "1.0.2",
                "1.0.0"
            ]
        },
        {
            "cuda": "cpu",
            "torch": "1.4.x",
            "mmcv": [
                "1.2.1",
                "1.2.0",
                "1.1.6",
                "1.1.5",
                "1.1.4",
                "1.1.3",
                "1.1.2",
                "1.1.1",
                "1.1.0",
                "1.0.5",
                "1.0.4",
                "1.0.3",
                "1.0.2",
                "1.0.0"
            ]
        },
        {
            "cuda": "cpu",
            "torch": "1.3.x",
            "mmcv": [
                "1.3.9",
                "1.3.8",
                "1.3.7",
                "1.3.6",
                "1.3.5",
                "1.3.4",
                "1.3.3",
                "1.3.2",
                "1.3.16",
                "1.3.15",
                "1.3.14",
                "1.3.13",
                "1.3.12",
                "1.3.11",
                "1.3.10",
                "1.3.1",
                "1.3.0",
                "1.2.7",
                "1.2.6",
                "1.2.5",
                "1.2.4",
                "1.2.3",
                "1.2.1",
                "1.2.0",
                "1.1.6",
                "1.1.5",
                "1.1.4",
                "1.1.3",
                "1.1.2",
                "1.1.1",
                "1.1.0",
                "1.0.5",
                "1.0.4",
                "1.0.3",
                "1.0.2",
                "1.0.1",
                "1.0.0"
            ]
        }
    ],
    "Windows": [
        {
            "cuda": "11.7",
            "torch": "1.13.x",
            "mmcv": [
                "1.7.0"
            ]
        },
        {
            "cuda": "11.6",
            "torch": "1.13.x",
            "mmcv": [
                "1.7.0"
            ]
        },
        {
            "cuda": "11.6",
            "torch": "1.12.x",
            "mmcv": [
                "1.7.0",
                "1.6.2",
                "1.6.1",
                "1.6.0"
            ]
        },
        {
            "cuda": "11.5",
            "torch": "1.11.x",
            "mmcv": [
                "1.7.0",
                "1.6.2",
                "1.6.1",
                "1.6.0",
                "1.5.3",
                "1.5.2",
                "1.5.1",
                "1.5.0",
                "1.4.8",
                "1.4.7"
            ]
        },
        {
            "cuda": "11.3",
            "torch": "1.12.x",
            "mmcv": [
                "1.7.0",
                "1.6.2",
                "1.6.1",
                "1.6.0"
            ]
        },
        {
            "cuda": "11.3",
            "torch": "1.11.x",
            "mmcv": [
                "1.7.0",
                "1.6.2",
                "1.6.1",
                "1.6.0",
                "1.5.3",
                "1.5.2",
                "1.5.1",
                "1.5.0",
                "1.4.8",
                "1.4.7"
            ]
        },
        {
            "cuda": "11.3",
            "torch": "1.10.x",
            "mmcv": [
                "1.7.0",
                "1.6.2",
                "1.6.1",
                "1.6.0",
                "1.5.3",
                "1.5.2",
                "1.5.1",
                "1.5.0",
                "1.4.8",
                "1.4.7",
                "1.4.6",
                "1.4.5",
                "1.4.4",
                "1.4.3",
                "1.4.2",
                "1.4.1",
                "1.4.0"
            ]
        },
        {
            "cuda": "11.1",
            "torch": "1.10.x",
            "mmcv": [
                "1.7.0",
                "1.6.2",
                "1.6.1",
                "1.6.0",
                "1.5.3",
                "1.5.2",
                "1.5.1",
                "1.5.0",
                "1.4.8",
                "1.4.7",
                "1.4.6",
                "1.4.5",
                "1.4.4",
                "1.4.3",
                "1.4.2",
                "1.4.1",
                "1.4.0"
            ]
        },
        {
            "cuda": "11.1",
            "torch": "1.9.x",
            "mmcv": [
                "1.7.0",
                "1.6.2",
                "1.6.1",
                "1.6.0",
                "1.5.3",
                "1.5.2",
                "1.5.1",
                "1.5.0",
                "1.4.8",
                "1.4.7",
                "1.4.6",
                "1.4.5",
                "1.4.4",
                "1.4.3",
                "1.4.2",
                "1.4.1",
                "1.4.0"
            ]
        },
        {
            "cuda": "11.1",
            "torch": "1.8.x",
            "mmcv": [
                "1.7.0",
                "1.6.2",
                "1.6.1",
                "1.6.0",
                "1.5.3",
                "1.5.2",
                "1.5.1",
                "1.5.0",
                "1.4.8",
                "1.4.7",
                "1.4.6",
                "1.4.5",
                "1.4.4",
                "1.4.3",
                "1.4.2",
                "1.4.1",
                "1.4.0"
            ]
        },
        {
            "cuda": "10.2",
            "torch": "1.10.x",
            "mmcv": [
                "1.7.0",
                "1.6.2",
                "1.6.1",
                "1.6.0",
                "1.5.3",
                "1.5.2",
                "1.5.1",
                "1.5.0",
                "1.4.8",
                "1.4.7",
                "1.4.6",
                "1.4.5",
                "1.4.4",
                "1.4.3",
                "1.4.2",
                "1.4.1",
                "1.4.0"
            ]
        },
        {
            "cuda": "10.2",
            "torch": "1.9.x",
            "mmcv": [
                "1.7.0",
                "1.6.2",
                "1.6.1",
                "1.6.0",
                "1.5.3",
                "1.5.2",
                "1.5.1",
                "1.5.0",
                "1.4.8",
                "1.4.7",
                "1.4.6",
                "1.4.5",
                "1.4.4",
                "1.4.3",
                "1.4.2",
                "1.4.1",
                "1.4.0"
            ]
        },
        {
            "cuda": "10.2",
            "torch": "1.8.x",
            "mmcv": [
                "1.7.0",
                "1.6.2",
                "1.6.1",
                "1.6.0",
                "1.5.3",
                "1.5.2",
                "1.5.1",
                "1.5.0",
                "1.4.8",
                "1.4.7",
                "1.4.6",
                "1.4.5",
                "1.4.4",
                "1.4.3",
                "1.4.2",
                "1.4.1",
                "1.4.0"
            ]
        },
        {
            "cuda": "10.2",
            "torch": "1.7.x",
            "mmcv": [
                "1.4.5",
                "1.4.4",
                "1.4.3",
                "1.4.2",
                "1.4.1",
                "1.4.0"
            ]
        },
        {
            "cuda": "10.2",
            "torch": "1.6.x",
            "mmcv": [
                "1.7.0",
                "1.6.2",
                "1.6.1",
                "1.6.0",
                "1.5.3",
                "1.5.2",
                "1.5.1",
                "1.5.0",
                "1.4.8",
                "1.4.7",
                "1.4.6",
                "1.4.5",
                "1.4.4",
                "1.4.3",
                "1.4.2",
                "1.4.1",
                "1.4.0",
                "1.1.5",
                "1.1.3"
            ]
        },
        {
            "cuda": "10.2",
            "torch": "1.5.x",
            "mmcv": [
                "1.7.0",
                "1.6.2",
                "1.6.1",
                "1.6.0",
                "1.5.3",
                "1.5.2",
                "1.5.1",
                "1.5.0",
                "1.4.8",
                "1.4.6",
                "1.4.5",
                "1.4.4",
                "1.4.3",
                "1.4.2",
                "1.4.1",
                "1.4.0"
            ]
        },
        {
            "cuda": "10.1",
            "torch": "1.8.x",
            "mmcv": [
                "1.7.0",
                "1.6.2",
                "1.6.1",
                "1.6.0",
                "1.5.3",
                "1.5.2",
                "1.5.1",
                "1.5.0",
                "1.4.8",
                "1.4.6",
                "1.4.5",
                "1.4.4",
                "1.4.3",
                "1.4.2",
                "1.4.1",
                "1.4.0"
            ]
        },
        {
            "cuda": "10.1",
            "torch": "1.7.x",
            "mmcv": [
                "1.4.5",
                "1.4.4",
                "1.4.3",
                "1.4.2",
                "1.4.1",
                "1.4.0"
            ]
        },
        {
            "cuda": "10.1",
            "torch": "1.6.x",
            "mmcv": [
                "1.7.0",
                "1.6.2",
                "1.6.1",
                "1.6.0",
                "1.5.3",
                "1.5.2",
                "1.5.1",
                "1.5.0",
                "1.4.8",
                "1.4.7",
                "1.4.6",
                "1.4.5",
                "1.4.4",
                "1.4.3",
                "1.4.2",
                "1.4.1",
                "1.4.0",
                "1.1.5",
                "1.1.3"
            ]
        },
        {
            "cuda": "10.1",
            "torch": "1.5.x",
            "mmcv": [
                "1.7.0",
                "1.6.2",
                "1.6.1",
                "1.6.0",
                "1.5.3",
                "1.5.2",
                "1.5.1",
                "1.5.0",
                "1.4.8",
                "1.4.7",
                "1.4.6",
                "1.4.5",
                "1.4.4",
                "1.4.3",
                "1.4.2",
                "1.4.1",
                "1.4.0"
            ]
        },
        {
            "cuda": "cpu",
            "torch": "1.13.x",
            "mmcv": [
                "1.7.0"
            ]
        },
        {
            "cuda": "cpu",
            "torch": "1.12.x",
            "mmcv": [
                "1.7.0",
                "1.6.2",
                "1.6.1",
                "1.6.0"
            ]
        },
        {
            "cuda": "cpu",
            "torch": "1.11.x",
            "mmcv": [
                "1.7.0",
                "1.6.2",
                "1.6.1",
                "1.6.0",
                "1.5.3",
                "1.5.2",
                "1.5.1",
                "1.5.0",
                "1.4.8",
                "1.4.7"
            ]
        },
        {
            "cuda": "cpu",
            "torch": "1.10.x",
            "mmcv": [
                "1.7.0",
                "1.6.2",
                "1.6.1",
                "1.6.0",
                "1.5.3",
                "1.5.2",
                "1.5.1",
                "1.5.0",
                "1.4.8",
                "1.4.7",
                "1.4.6",
                "1.4.5",
                "1.4.4",
                "1.4.3",
                "1.4.2",
                "1.4.1",
                "1.4.0"
            ]
        },
        {
            "cuda": "cpu",
            "torch": "1.9.x",
            "mmcv": [
                "1.7.0",
                "1.6.2",
                "1.6.1",
                "1.6.0",
                "1.5.3",
                "1.5.2",
                "1.5.1",
                "1.5.0",
                "1.4.8",
                "1.4.7",
                "1.4.6",
                "1.4.5",
                "1.4.4",
                "1.4.3",
                "1.4.2",
                "1.4.1",
                "1.4.0"
            ]
        },
        {
            "cuda": "cpu",
            "torch": "1.8.x",
            "mmcv": [
                "1.7.0",
                "1.6.2",
                "1.6.1",
                "1.6.0",
                "1.5.3",
                "1.5.2",
                "1.5.1",
                "1.5.0",
                "1.4.8",
                "1.4.7",
                "1.4.6",
                "1.4.5",
                "1.4.4",
                "1.4.3",
                "1.4.2",
                "1.4.1",
                "1.4.0"
            ]
        },
        {
            "cuda": "cpu",
            "torch": "1.7.x",
            "mmcv": [
                "1.7.0",
                "1.6.2",
                "1.6.1",
                "1.6.0",
                "1.5.3",
                "1.5.2",
                "1.5.1",
                "1.5.0",
                "1.4.8",
                "1.4.7",
                "1.4.6",
                "1.4.5",
                "1.4.4",
                "1.4.3",
                "1.4.2",
                "1.4.1",
                "1.4.0"
            ]
        },
        {
            "cuda": "cpu",
            "torch": "1.6.x",
            "mmcv": [
                "1.7.0",
                "1.6.2",
                "1.6.1",
                "1.6.0",
                "1.5.3",
                "1.5.2",
                "1.5.1",
                "1.5.0",
                "1.4.8",
                "1.4.7",
                "1.4.6",
                "1.4.5",
                "1.4.4",
                "1.4.3",
                "1.4.2",
                "1.4.1",
                "1.4.0",
                "1.1.5",
                "1.1.3"
            ]
        },
        {
            "cuda": "cpu",
            "torch": "1.5.x",
            "mmcv": [
                "1.7.0",
                "1.6.2",
                "1.6.1",
                "1.6.0",
                "1.5.3",
                "1.5.2",
                "1.5.1",
                "1.5.0",
                "1.4.8",
                "1.4.7",
                "1.4.6",
                "1.4.5",
                "1.4.4",
                "1.4.3",
                "1.4.2",
                "1.4.1",
                "1.4.0"
            ]
        },
        {
            "cuda": "cpu",
            "torch": "1.4.x",
            "mmcv": [
                "1.1.5"
            ]
        }
    ],
    "macOS": [
        {
            "cuda": "cpu",
            "torch": "1.13.x",
            "mmcv": [
                "1.7.0"
            ]
        },
        {
            "cuda": "mps",
            "torch": "1.13.x",
            "mmcv": [
                "1.7.0"
            ]
        },
        {
            "cuda": "cpu",
            "torch": "1.12.x",
            "mmcv": [
                "1.7.0"
            ]
        },
        {
            "cuda": "cpu",
            "torch": "1.11.x",
            "mmcv": [
                "1.7.0"
            ]
        },
        {
            "cuda": "cpu",
            "torch": "1.10.x",
            "mmcv": [
                "1.7.0"
            ]
        },
        {
            "cuda": "cpu",
            "torch": "1.9.x",
            "mmcv": [
                "1.7.0"
            ]
        },
        {
            "cuda": "cpu",
            "torch": "1.8.x",
            "mmcv": [
                "1.7.0"
            ]
        },
        {
            "cuda": "cpu",
            "torch": "1.7.x",
            "mmcv": [
                "1.7.0"
            ]
        },
        {
            "cuda": "cpu",
            "torch": "1.6.x",
            "mmcv": [
                "1.7.0"
            ]
        },
        {
            "cuda": "cpu",
            "torch": "1.5.x",
            "mmcv": [
                "1.7.0"
            ]
        }
    ]
}
